,day_index,Consortia,Corp,Discount,Group,Misc,OTA,Promo,Ret,Leisure,day_index_mean,Consortia_mean,Corp_mean,Discount_mean,Group_mean,Misc_mean,OTA_mean,Promo_mean,Ret_mean,Leisure_mean
0,0,0,10,5,0,765,15,0,80,0,182.0,19.561643835616437,68.6986301369863,55.93150684931507,18.45205479452055,659.2465753424658,69.5068493150685,27.698630136986303,120.63013698630137,1
1,1,35,125,30,0,515,15,20,55,0,182.0,19.561643835616437,68.6986301369863,55.93150684931507,18.45205479452055,659.2465753424658,69.5068493150685,27.698630136986303,120.63013698630137,1
2,2,0,45,15,0,490,30,5,80,0,182.0,19.561643835616437,68.6986301369863,55.93150684931507,18.45205479452055,659.2465753424658,69.5068493150685,27.698630136986303,120.63013698630137,1
3,3,10,20,40,0,635,40,20,105,0,182.0,19.561643835616437,68.6986301369863,55.93150684931507,18.45205479452055,659.2465753424658,69.5068493150685,27.698630136986303,120.63013698630137,1
4,4,10,20,35,0,755,115,35,110,0,182.0,19.561643835616437,68.6986301369863,55.93150684931507,18.45205479452055,659.2465753424658,69.5068493150685,27.698630136986303,120.63013698630137,1
5,5,20,45,10,0,500,50,35,95,0,182.0,19.561643835616437,68.6986301369863,55.93150684931507,18.45205479452055,659.2465753424658,69.5068493150685,27.698630136986303,120.63013698630137,1
6,6,60,85,40,0,640,50,25,70,0,182.0,19.561643835616437,68.6986301369863,55.93150684931507,18.45205479452055,659.2465753424658,69.5068493150685,27.698630136986303,120.63013698630137,1
7,7,25,60,5,0,560,20,0,145,0,182.0,19.561643835616437,68.6986301369863,55.93150684931507,18.45205479452055,659.2465753424658,69.5068493150685,27.698630136986303,120.63013698630137,1
8,8,25,80,10,0,460,40,15,85,0,182.0,19.561643835616437,68.6986301369863,55.93150684931507,18.45205479452055,659.2465753424658,69.5068493150685,27.698630136986303,120.63013698630137,1
9,9,5,35,30,0,835,50,5,110,0,182.0,19.561643835616437,68.6986301369863,55.93150684931507,18.45205479452055,659.2465753424658,69.5068493150685,27.698630136986303,120.63013698630137,1
10,10,10,40,30,0,505,30,20,175,0,182.0,19.561643835616437,68.6986301369863,55.93150684931507,18.45205479452055,659.2465753424658,69.5068493150685,27.698630136986303,120.63013698630137,1
11,11,10,25,10,15,440,110,60,160,0,182.0,19.561643835616437,68.6986301369863,55.93150684931507,18.45205479452055,659.2465753424658,69.5068493150685,27.698630136986303,120.63013698630137,1
12,12,5,15,5,0,395,35,5,90,0,182.0,19.561643835616437,68.6986301369863,55.93150684931507,18.45205479452055,659.2465753424658,69.5068493150685,27.698630136986303,120.63013698630137,1
13,13,40,230,5,0,520,70,70,80,0,182.0,19.561643835616437,68.6986301369863,55.93150684931507,18.45205479452055,659.2465753424658,69.5068493150685,27.698630136986303,120.63013698630137,1
14,14,45,65,0,0,420,35,15,155,0,182.0,19.561643835616437,68.6986301369863,55.93150684931507,18.45205479452055,659.2465753424658,69.5068493150685,27.698630136986303,120.63013698630137,1
15,15,5,75,40,0,515,55,30,65,0,182.0,19.561643835616437,68.6986301369863,55.93150684931507,18.45205479452055,659.2465753424658,69.5068493150685,27.698630136986303,120.63013698630137,1
16,16,5,40,5,0,505,40,25,100,0,182.0,19.561643835616437,68.6986301369863,55.93150684931507,18.45205479452055,659.2465753424658,69.5068493150685,27.698630136986303,120.63013698630137,1
17,17,0,10,35,115,420,85,40,130,0,182.0,19.561643835616437,68.6986301369863,55.93150684931507,18.45205479452055,659.2465753424658,69.5068493150685,27.698630136986303,120.63013698630137,1
18,18,5,0,50,180,455,85,65,195,0,182.0,19.561643835616437,68.6986301369863,55.93150684931507,18.45205479452055,659.2465753424658,69.5068493150685,27.698630136986303,120.63013698630137,1
19,19,0,25,20,0,530,85,45,100,0,182.0,19.561643835616437,68.6986301369863,55.93150684931507,18.45205479452055,659.2465753424658,69.5068493150685,27.698630136986303,120.63013698630137,1
20,20,70,50,15,0,530,65,15,55,0,182.0,19.561643835616437,68.6986301369863,55.93150684931507,18.45205479452055,659.2465753424658,69.5068493150685,27.698630136986303,120.63013698630137,1
21,21,60,60,30,0,425,65,5,105,0,182.0,19.561643835616437,68.6986301369863,55.93150684931507,18.45205479452055,659.2465753424658,69.5068493150685,27.698630136986303,120.63013698630137,1
22,22,50,55,20,0,580,65,10,85,0,182.0,19.561643835616437,68.6986301369863,55.93150684931507,18.45205479452055,659.2465753424658,69.5068493150685,27.698630136986303,120.63013698630137,1
23,23,20,30,5,0,700,25,30,145,0,182.0,19.561643835616437,68.6986301369863,55.93150684931507,18.45205479452055,659.2465753424658,69.5068493150685,27.698630136986303,120.63013698630137,1
24,24,0,30,30,0,775,50,75,115,0,182.0,19.561643835616437,68.6986301369863,55.93150684931507,18.45205479452055,659.2465753424658,69.5068493150685,27.698630136986303,120.63013698630137,1
25,25,10,10,70,0,600,115,85,210,0,182.0,19.561643835616437,68.6986301369863,55.93150684931507,18.45205479452055,659.2465753424658,69.5068493150685,27.698630136986303,120.63013698630137,1
26,26,15,60,45,0,520,20,25,110,0,182.0,19.561643835616437,68.6986301369863,55.93150684931507,18.45205479452055,659.2465753424658,69.5068493150685,27.698630136986303,120.63013698630137,1
27,27,15,155,20,0,530,30,0,110,0,182.0,19.561643835616437,68.6986301369863,55.93150684931507,18.45205479452055,659.2465753424658,69.5068493150685,27.698630136986303,120.63013698630137,1
28,28,20,105,55,0,585,25,35,85,0,182.0,19.561643835616437,68.6986301369863,55.93150684931507,18.45205479452055,659.2465753424658,69.5068493150685,27.698630136986303,120.63013698630137,1
29,29,15,55,35,0,385,35,10,90,0,182.0,19.561643835616437,68.6986301369863,55.93150684931507,18.45205479452055,659.2465753424658,69.5068493150685,27.698630136986303,120.63013698630137,1
30,30,30,60,30,0,475,40,10,70,0,182.0,19.561643835616437,68.6986301369863,55.93150684931507,18.45205479452055,659.2465753424658,69.5068493150685,27.698630136986303,120.63013698630137,1
31,31,0,20,100,0,610,55,25,135,0,182.0,19.561643835616437,68.6986301369863,55.93150684931507,18.45205479452055,659.2465753424658,69.5068493150685,27.698630136986303,120.63013698630137,1
32,32,20,15,20,0,470,65,85,115,0,182.0,19.561643835616437,68.6986301369863,55.93150684931507,18.45205479452055,659.2465753424658,69.5068493150685,27.698630136986303,120.63013698630137,1
33,33,5,60,65,0,450,5,10,110,0,182.0,19.561643835616437,68.6986301369863,55.93150684931507,18.45205479452055,659.2465753424658,69.5068493150685,27.698630136986303,120.63013698630137,1
34,34,75,65,20,40,560,60,15,95,0,182.0,19.561643835616437,68.6986301369863,55.93150684931507,18.45205479452055,659.2465753424658,69.5068493150685,27.698630136986303,120.63013698630137,1
35,35,30,75,30,45,395,70,0,70,0,182.0,19.561643835616437,68.6986301369863,55.93150684931507,18.45205479452055,659.2465753424658,69.5068493150685,27.698630136986303,120.63013698630137,1
36,36,55,45,30,0,675,50,0,110,0,182.0,19.561643835616437,68.6986301369863,55.93150684931507,18.45205479452055,659.2465753424658,69.5068493150685,27.698630136986303,120.63013698630137,1
37,37,20,40,35,0,825,15,5,60,0,182.0,19.561643835616437,68.6986301369863,55.93150684931507,18.45205479452055,659.2465753424658,69.5068493150685,27.698630136986303,120.63013698630137,1
38,38,10,15,20,0,505,75,15,115,0,182.0,19.561643835616437,68.6986301369863,55.93150684931507,18.45205479452055,659.2465753424658,69.5068493150685,27.698630136986303,120.63013698630137,1
39,39,0,25,110,0,510,95,65,215,0,182.0,19.561643835616437,68.6986301369863,55.93150684931507,18.45205479452055,659.2465753424658,69.5068493150685,27.698630136986303,120.63013698630137,1
40,40,0,40,50,0,530,45,0,100,0,182.0,19.561643835616437,68.6986301369863,55.93150684931507,18.45205479452055,659.2465753424658,69.5068493150685,27.698630136986303,120.63013698630137,1
41,41,45,110,55,0,515,45,15,105,0,182.0,19.561643835616437,68.6986301369863,55.93150684931507,18.45205479452055,659.2465753424658,69.5068493150685,27.698630136986303,120.63013698630137,1
42,42,10,95,40,0,405,95,5,105,0,182.0,19.561643835616437,68.6986301369863,55.93150684931507,18.45205479452055,659.2465753424658,69.5068493150685,27.698630136986303,120.63013698630137,1
43,43,10,85,65,0,375,115,5,75,0,182.0,19.561643835616437,68.6986301369863,55.93150684931507,18.45205479452055,659.2465753424658,69.5068493150685,27.698630136986303,120.63013698630137,1
44,44,0,60,50,0,445,135,60,215,0,182.0,19.561643835616437,68.6986301369863,55.93150684931507,18.45205479452055,659.2465753424658,69.5068493150685,27.698630136986303,120.63013698630137,1
45,45,0,5,35,0,565,95,70,125,0,182.0,19.561643835616437,68.6986301369863,55.93150684931507,18.45205479452055,659.2465753424658,69.5068493150685,27.698630136986303,120.63013698630137,1
46,46,0,0,145,0,550,180,245,205,0,182.0,19.561643835616437,68.6986301369863,55.93150684931507,18.45205479452055,659.2465753424658,69.5068493150685,27.698630136986303,120.63013698630137,1
47,47,5,20,70,220,545,100,55,130,0,182.0,19.561643835616437,68.6986301369863,55.93150684931507,18.45205479452055,659.2465753424658,69.5068493150685,27.698630136986303,120.63013698630137,1
48,48,40,20,60,0,510,100,20,65,0,182.0,19.561643835616437,68.6986301369863,55.93150684931507,18.45205479452055,659.2465753424658,69.5068493150685,27.698630136986303,120.63013698630137,1
49,49,15,125,35,0,565,30,0,200,0,182.0,19.561643835616437,68.6986301369863,55.93150684931507,18.45205479452055,659.2465753424658,69.5068493150685,27.698630136986303,120.63013698630137,1
50,50,30,60,95,0,455,105,5,90,0,182.0,19.561643835616437,68.6986301369863,55.93150684931507,18.45205479452055,659.2465753424658,69.5068493150685,27.698630136986303,120.63013698630137,1
51,51,0,60,55,0,570,100,25,125,0,182.0,19.561643835616437,68.6986301369863,55.93150684931507,18.45205479452055,659.2465753424658,69.5068493150685,27.698630136986303,120.63013698630137,1
52,52,0,40,80,0,865,80,65,125,0,182.0,19.561643835616437,68.6986301369863,55.93150684931507,18.45205479452055,659.2465753424658,69.5068493150685,27.698630136986303,120.63013698630137,1
53,53,10,10,70,0,585,105,85,185,0,182.0,19.561643835616437,68.6986301369863,55.93150684931507,18.45205479452055,659.2465753424658,69.5068493150685,27.698630136986303,120.63013698630137,1
54,54,35,10,10,0,500,45,10,100,0,182.0,19.561643835616437,68.6986301369863,55.93150684931507,18.45205479452055,659.2465753424658,69.5068493150685,27.698630136986303,120.63013698630137,1
55,55,45,90,45,0,465,60,10,130,0,182.0,19.561643835616437,68.6986301369863,55.93150684931507,18.45205479452055,659.2465753424658,69.5068493150685,27.698630136986303,120.63013698630137,1
56,56,35,55,30,0,745,55,15,85,0,182.0,19.561643835616437,68.6986301369863,55.93150684931507,18.45205479452055,659.2465753424658,69.5068493150685,27.698630136986303,120.63013698630137,1
57,57,35,65,70,0,825,5,10,215,0,182.0,19.561643835616437,68.6986301369863,55.93150684931507,18.45205479452055,659.2465753424658,69.5068493150685,27.698630136986303,120.63013698630137,1
58,58,15,45,130,10,570,90,25,180,0,182.0,19.561643835616437,68.6986301369863,55.93150684931507,18.45205479452055,659.2465753424658,69.5068493150685,27.698630136986303,120.63013698630137,1
59,59,5,70,70,10,580,135,40,170,0,182.0,19.561643835616437,68.6986301369863,55.93150684931507,18.45205479452055,659.2465753424658,69.5068493150685,27.698630136986303,120.63013698630137,1
60,60,0,100,70,15,580,125,65,235,0,182.0,19.561643835616437,68.6986301369863,55.93150684931507,18.45205479452055,659.2465753424658,69.5068493150685,27.698630136986303,120.63013698630137,1
61,61,0,65,15,15,520,85,5,185,0,182.0,19.561643835616437,68.6986301369863,55.93150684931507,18.45205479452055,659.2465753424658,69.5068493150685,27.698630136986303,120.63013698630137,1
62,62,95,165,10,15,735,45,5,40,0,182.0,19.561643835616437,68.6986301369863,55.93150684931507,18.45205479452055,659.2465753424658,69.5068493150685,27.698630136986303,120.63013698630137,1
63,63,30,60,90,10,565,35,15,90,0,182.0,19.561643835616437,68.6986301369863,55.93150684931507,18.45205479452055,659.2465753424658,69.5068493150685,27.698630136986303,120.63013698630137,1
64,64,35,40,80,10,695,25,10,120,0,182.0,19.561643835616437,68.6986301369863,55.93150684931507,18.45205479452055,659.2465753424658,69.5068493150685,27.698630136986303,120.63013698630137,1
65,65,15,60,65,5,515,85,40,80,0,182.0,19.561643835616437,68.6986301369863,55.93150684931507,18.45205479452055,659.2465753424658,69.5068493150685,27.698630136986303,120.63013698630137,1
66,66,0,25,60,0,655,100,45,215,0,182.0,19.561643835616437,68.6986301369863,55.93150684931507,18.45205479452055,659.2465753424658,69.5068493150685,27.698630136986303,120.63013698630137,1
67,67,0,15,20,10,695,25,40,90,0,182.0,19.561643835616437,68.6986301369863,55.93150684931507,18.45205479452055,659.2465753424658,69.5068493150685,27.698630136986303,120.63013698630137,1
68,68,15,40,55,20,535,30,50,90,0,182.0,19.561643835616437,68.6986301369863,55.93150684931507,18.45205479452055,659.2465753424658,69.5068493150685,27.698630136986303,120.63013698630137,1
69,69,10,130,45,0,440,25,5,100,0,182.0,19.561643835616437,68.6986301369863,55.93150684931507,18.45205479452055,659.2465753424658,69.5068493150685,27.698630136986303,120.63013698630137,1
70,70,35,75,30,15,665,50,0,30,0,182.0,19.561643835616437,68.6986301369863,55.93150684931507,18.45205479452055,659.2465753424658,69.5068493150685,27.698630136986303,120.63013698630137,1
71,71,30,95,55,5,630,50,5,60,0,182.0,19.561643835616437,68.6986301369863,55.93150684931507,18.45205479452055,659.2465753424658,69.5068493150685,27.698630136986303,120.63013698630137,1
72,72,0,20,70,0,915,40,30,80,0,182.0,19.561643835616437,68.6986301369863,55.93150684931507,18.45205479452055,659.2465753424658,69.5068493150685,27.698630136986303,120.63013698630137,1
73,73,5,25,55,0,660,30,60,115,0,182.0,19.561643835616437,68.6986301369863,55.93150684931507,18.45205479452055,659.2465753424658,69.5068493150685,27.698630136986303,120.63013698630137,1
74,74,0,25,110,0,790,85,115,110,0,182.0,19.561643835616437,68.6986301369863,55.93150684931507,18.45205479452055,659.2465753424658,69.5068493150685,27.698630136986303,120.63013698630137,1
75,75,15,15,35,0,575,70,10,40,0,182.0,19.561643835616437,68.6986301369863,55.93150684931507,18.45205479452055,659.2465753424658,69.5068493150685,27.698630136986303,120.63013698630137,1
76,76,55,90,55,0,495,60,35,95,0,182.0,19.561643835616437,68.6986301369863,55.93150684931507,18.45205479452055,659.2465753424658,69.5068493150685,27.698630136986303,120.63013698630137,1
77,77,10,160,70,0,480,100,15,75,0,182.0,19.561643835616437,68.6986301369863,55.93150684931507,18.45205479452055,659.2465753424658,69.5068493150685,27.698630136986303,120.63013698630137,1
78,78,30,65,50,0,475,70,10,95,0,182.0,19.561643835616437,68.6986301369863,55.93150684931507,18.45205479452055,659.2465753424658,69.5068493150685,27.698630136986303,120.63013698630137,1
79,79,35,55,30,0,710,100,40,120,0,182.0,19.561643835616437,68.6986301369863,55.93150684931507,18.45205479452055,659.2465753424658,69.5068493150685,27.698630136986303,120.63013698630137,1
80,80,35,25,110,90,520,100,70,150,0,182.0,19.561643835616437,68.6986301369863,55.93150684931507,18.45205479452055,659.2465753424658,69.5068493150685,27.698630136986303,120.63013698630137,1
81,81,0,10,100,145,600,125,70,140,0,182.0,19.561643835616437,68.6986301369863,55.93150684931507,18.45205479452055,659.2465753424658,69.5068493150685,27.698630136986303,120.63013698630137,1
82,82,30,10,30,0,520,140,45,115,0,182.0,19.561643835616437,68.6986301369863,55.93150684931507,18.45205479452055,659.2465753424658,69.5068493150685,27.698630136986303,120.63013698630137,1
83,83,40,245,60,0,500,80,45,130,0,182.0,19.561643835616437,68.6986301369863,55.93150684931507,18.45205479452055,659.2465753424658,69.5068493150685,27.698630136986303,120.63013698630137,1
84,84,35,200,70,0,460,115,10,220,0,182.0,19.561643835616437,68.6986301369863,55.93150684931507,18.45205479452055,659.2465753424658,69.5068493150685,27.698630136986303,120.63013698630137,1
85,85,25,165,65,0,725,70,55,100,0,182.0,19.561643835616437,68.6986301369863,55.93150684931507,18.45205479452055,659.2465753424658,69.5068493150685,27.698630136986303,120.63013698630137,1
86,86,40,70,95,0,620,75,40,140,0,182.0,19.561643835616437,68.6986301369863,55.93150684931507,18.45205479452055,659.2465753424658,69.5068493150685,27.698630136986303,120.63013698630137,1
87,87,0,20,115,0,840,115,55,180,0,182.0,19.561643835616437,68.6986301369863,55.93150684931507,18.45205479452055,659.2465753424658,69.5068493150685,27.698630136986303,120.63013698630137,1
88,88,20,40,65,0,925,80,135,140,0,182.0,19.561643835616437,68.6986301369863,55.93150684931507,18.45205479452055,659.2465753424658,69.5068493150685,27.698630136986303,120.63013698630137,1
89,89,25,60,10,0,540,30,15,100,0,182.0,19.561643835616437,68.6986301369863,55.93150684931507,18.45205479452055,659.2465753424658,69.5068493150685,27.698630136986303,120.63013698630137,1
90,90,5,25,25,0,760,20,30,130,0,182.0,19.561643835616437,68.6986301369863,55.93150684931507,18.45205479452055,659.2465753424658,69.5068493150685,27.698630136986303,120.63013698630137,1
91,91,20,120,80,0,420,85,25,55,0,182.0,19.561643835616437,68.6986301369863,55.93150684931507,18.45205479452055,659.2465753424658,69.5068493150685,27.698630136986303,120.63013698630137,1
92,92,45,85,105,0,825,60,5,180,0,182.0,19.561643835616437,68.6986301369863,55.93150684931507,18.45205479452055,659.2465753424658,69.5068493150685,27.698630136986303,120.63013698630137,1
93,93,50,35,70,0,725,65,10,175,0,182.0,19.561643835616437,68.6986301369863,55.93150684931507,18.45205479452055,659.2465753424658,69.5068493150685,27.698630136986303,120.63013698630137,1
94,94,0,35,80,30,675,110,55,150,0,182.0,19.561643835616437,68.6986301369863,55.93150684931507,18.45205479452055,659.2465753424658,69.5068493150685,27.698630136986303,120.63013698630137,1
95,95,0,70,85,20,640,150,105,140,0,182.0,19.561643835616437,68.6986301369863,55.93150684931507,18.45205479452055,659.2465753424658,69.5068493150685,27.698630136986303,120.63013698630137,1
96,96,10,15,25,0,1025,20,10,50,0,182.0,19.561643835616437,68.6986301369863,55.93150684931507,18.45205479452055,659.2465753424658,69.5068493150685,27.698630136986303,120.63013698630137,1
97,97,40,85,30,10,535,30,20,70,0,182.0,19.561643835616437,68.6986301369863,55.93150684931507,18.45205479452055,659.2465753424658,69.5068493150685,27.698630136986303,120.63013698630137,1
98,98,5,175,15,0,1205,0,15,20,0,182.0,19.561643835616437,68.6986301369863,55.93150684931507,18.45205479452055,659.2465753424658,69.5068493150685,27.698630136986303,120.63013698630137,1
99,99,20,65,35,0,475,5,15,65,0,182.0,19.561643835616437,68.6986301369863,55.93150684931507,18.45205479452055,659.2465753424658,69.5068493150685,27.698630136986303,120.63013698630137,1
100,100,10,30,15,0,605,35,0,10,0,182.0,19.561643835616437,68.6986301369863,55.93150684931507,18.45205479452055,659.2465753424658,69.5068493150685,27.698630136986303,120.63013698630137,1
101,101,40,15,130,0,720,160,50,150,0,182.0,19.561643835616437,68.6986301369863,55.93150684931507,18.45205479452055,659.2465753424658,69.5068493150685,27.698630136986303,120.63013698630137,1
102,102,25,15,160,0,595,220,90,140,0,182.0,19.561643835616437,68.6986301369863,55.93150684931507,18.45205479452055,659.2465753424658,69.5068493150685,27.698630136986303,120.63013698630137,1
103,103,0,50,30,5,545,70,35,115,0,182.0,19.561643835616437,68.6986301369863,55.93150684931507,18.45205479452055,659.2465753424658,69.5068493150685,27.698630136986303,120.63013698630137,1
104,104,45,190,40,0,910,110,20,115,0,182.0,19.561643835616437,68.6986301369863,55.93150684931507,18.45205479452055,659.2465753424658,69.5068493150685,27.698630136986303,120.63013698630137,1
105,105,35,120,25,0,555,120,25,120,0,182.0,19.561643835616437,68.6986301369863,55.93150684931507,18.45205479452055,659.2465753424658,69.5068493150685,27.698630136986303,120.63013698630137,1
106,106,15,40,45,0,860,60,10,185,0,182.0,19.561643835616437,68.6986301369863,55.93150684931507,18.45205479452055,659.2465753424658,69.5068493150685,27.698630136986303,120.63013698630137,1
107,107,0,15,35,0,780,145,10,130,0,182.0,19.561643835616437,68.6986301369863,55.93150684931507,18.45205479452055,659.2465753424658,69.5068493150685,27.698630136986303,120.63013698630137,1
108,108,0,40,95,0,540,150,40,150,0,182.0,19.561643835616437,68.6986301369863,55.93150684931507,18.45205479452055,659.2465753424658,69.5068493150685,27.698630136986303,120.63013698630137,1
109,109,0,15,85,0,665,100,25,135,0,182.0,19.561643835616437,68.6986301369863,55.93150684931507,18.45205479452055,659.2465753424658,69.5068493150685,27.698630136986303,120.63013698630137,1
110,110,0,15,25,0,915,40,10,65,0,182.0,19.561643835616437,68.6986301369863,55.93150684931507,18.45205479452055,659.2465753424658,69.5068493150685,27.698630136986303,120.63013698630137,1
111,111,25,120,40,50,525,80,10,125,0,182.0,19.561643835616437,68.6986301369863,55.93150684931507,18.45205479452055,659.2465753424658,69.5068493150685,27.698630136986303,120.63013698630137,1
112,112,20,90,20,165,580,55,30,140,0,182.0,19.561643835616437,68.6986301369863,55.93150684931507,18.45205479452055,659.2465753424658,69.5068493150685,27.698630136986303,120.63013698630137,1
113,113,30,135,30,5,515,45,30,115,0,182.0,19.561643835616437,68.6986301369863,55.93150684931507,18.45205479452055,659.2465753424658,69.5068493150685,27.698630136986303,120.63013698630137,1
114,114,30,75,55,0,625,30,10,150,0,182.0,19.561643835616437,68.6986301369863,55.93150684931507,18.45205479452055,659.2465753424658,69.5068493150685,27.698630136986303,120.63013698630137,1
115,115,25,30,125,0,540,110,55,115,0,182.0,19.561643835616437,68.6986301369863,55.93150684931507,18.45205479452055,659.2465753424658,69.5068493150685,27.698630136986303,120.63013698630137,1
116,116,10,15,120,0,660,170,85,110,0,182.0,19.561643835616437,68.6986301369863,55.93150684931507,18.45205479452055,659.2465753424658,69.5068493150685,27.698630136986303,120.63013698630137,1
117,117,15,50,35,10,555,60,5,50,0,182.0,19.561643835616437,68.6986301369863,55.93150684931507,18.45205479452055,659.2465753424658,69.5068493150685,27.698630136986303,120.63013698630137,1
118,118,10,80,45,5,650,25,10,95,0,182.0,19.561643835616437,68.6986301369863,55.93150684931507,18.45205479452055,659.2465753424658,69.5068493150685,27.698630136986303,120.63013698630137,1
119,119,35,125,50,5,715,65,15,95,0,182.0,19.561643835616437,68.6986301369863,55.93150684931507,18.45205479452055,659.2465753424658,69.5068493150685,27.698630136986303,120.63013698630137,1
120,120,10,80,5,0,1010,10,5,70,0,182.0,19.561643835616437,68.6986301369863,55.93150684931507,18.45205479452055,659.2465753424658,69.5068493150685,27.698630136986303,120.63013698630137,1
121,121,0,70,90,0,570,65,40,80,0,182.0,19.561643835616437,68.6986301369863,55.93150684931507,18.45205479452055,659.2465753424658,69.5068493150685,27.698630136986303,120.63013698630137,1
122,122,30,10,140,0,605,145,25,180,0,182.0,19.561643835616437,68.6986301369863,55.93150684931507,18.45205479452055,659.2465753424658,69.5068493150685,27.698630136986303,120.63013698630137,1
123,123,10,20,105,15,635,110,25,170,0,182.0,19.561643835616437,68.6986301369863,55.93150684931507,18.45205479452055,659.2465753424658,69.5068493150685,27.698630136986303,120.63013698630137,1
124,124,25,60,55,0,1115,30,25,50,0,182.0,19.561643835616437,68.6986301369863,55.93150684931507,18.45205479452055,659.2465753424658,69.5068493150685,27.698630136986303,120.63013698630137,1
125,125,40,185,25,0,575,25,0,35,0,182.0,19.561643835616437,68.6986301369863,55.93150684931507,18.45205479452055,659.2465753424658,69.5068493150685,27.698630136986303,120.63013698630137,1
126,126,30,265,115,5,600,105,10,135,0,182.0,19.561643835616437,68.6986301369863,55.93150684931507,18.45205479452055,659.2465753424658,69.5068493150685,27.698630136986303,120.63013698630137,1
127,127,50,90,110,40,565,115,20,85,0,182.0,19.561643835616437,68.6986301369863,55.93150684931507,18.45205479452055,659.2465753424658,69.5068493150685,27.698630136986303,120.63013698630137,1
128,128,120,85,120,35,625,35,20,245,0,182.0,19.561643835616437,68.6986301369863,55.93150684931507,18.45205479452055,659.2465753424658,69.5068493150685,27.698630136986303,120.63013698630137,1
129,129,0,30,125,15,510,125,10,230,0,182.0,19.561643835616437,68.6986301369863,55.93150684931507,18.45205479452055,659.2465753424658,69.5068493150685,27.698630136986303,120.63013698630137,1
130,130,10,10,95,75,665,155,30,215,0,182.0,19.561643835616437,68.6986301369863,55.93150684931507,18.45205479452055,659.2465753424658,69.5068493150685,27.698630136986303,120.63013698630137,1
131,131,5,55,50,0,640,115,10,105,0,182.0,19.561643835616437,68.6986301369863,55.93150684931507,18.45205479452055,659.2465753424658,69.5068493150685,27.698630136986303,120.63013698630137,1
132,132,60,130,20,0,910,30,30,90,0,182.0,19.561643835616437,68.6986301369863,55.93150684931507,18.45205479452055,659.2465753424658,69.5068493150685,27.698630136986303,120.63013698630137,1
133,133,30,70,5,0,825,0,0,130,0,182.0,19.561643835616437,68.6986301369863,55.93150684931507,18.45205479452055,659.2465753424658,69.5068493150685,27.698630136986303,120.63013698630137,1
134,134,0,70,0,0,730,5,0,20,0,182.0,19.561643835616437,68.6986301369863,55.93150684931507,18.45205479452055,659.2465753424658,69.5068493150685,27.698630136986303,120.63013698630137,1
135,135,40,20,10,0,620,5,30,45,0,182.0,19.561643835616437,68.6986301369863,55.93150684931507,18.45205479452055,659.2465753424658,69.5068493150685,27.698630136986303,120.63013698630137,1
136,136,20,0,10,0,550,0,50,100,0,182.0,19.561643835616437,68.6986301369863,55.93150684931507,18.45205479452055,659.2465753424658,69.5068493150685,27.698630136986303,120.63013698630137,1
137,137,30,10,0,0,600,0,0,35,0,182.0,19.561643835616437,68.6986301369863,55.93150684931507,18.45205479452055,659.2465753424658,69.5068493150685,27.698630136986303,120.63013698630137,1
138,138,0,50,5,0,530,40,20,100,0,182.0,19.561643835616437,68.6986301369863,55.93150684931507,18.45205479452055,659.2465753424658,69.5068493150685,27.698630136986303,120.63013698630137,1
139,139,45,170,165,0,575,80,35,115,0,182.0,19.561643835616437,68.6986301369863,55.93150684931507,18.45205479452055,659.2465753424658,69.5068493150685,27.698630136986303,120.63013698630137,1
140,140,45,120,90,0,580,90,60,150,0,182.0,19.561643835616437,68.6986301369863,55.93150684931507,18.45205479452055,659.2465753424658,69.5068493150685,27.698630136986303,120.63013698630137,1
141,141,40,125,65,0,785,15,15,135,0,182.0,19.561643835616437,68.6986301369863,55.93150684931507,18.45205479452055,659.2465753424658,69.5068493150685,27.698630136986303,120.63013698630137,1
142,142,30,30,90,5,595,105,10,110,0,182.0,19.561643835616437,68.6986301369863,55.93150684931507,18.45205479452055,659.2465753424658,69.5068493150685,27.698630136986303,120.63013698630137,1
143,143,0,0,175,0,545,55,45,205,0,182.0,19.561643835616437,68.6986301369863,55.93150684931507,18.45205479452055,659.2465753424658,69.5068493150685,27.698630136986303,120.63013698630137,1
144,144,0,15,85,0,800,170,30,210,0,182.0,19.561643835616437,68.6986301369863,55.93150684931507,18.45205479452055,659.2465753424658,69.5068493150685,27.698630136986303,120.63013698630137,1
145,145,5,35,155,0,695,110,15,160,0,182.0,19.561643835616437,68.6986301369863,55.93150684931507,18.45205479452055,659.2465753424658,69.5068493150685,27.698630136986303,120.63013698630137,1
146,146,0,30,75,0,525,40,15,45,0,182.0,19.561643835616437,68.6986301369863,55.93150684931507,18.45205479452055,659.2465753424658,69.5068493150685,27.698630136986303,120.63013698630137,1
147,147,45,60,40,0,575,75,30,100,0,182.0,19.561643835616437,68.6986301369863,55.93150684931507,18.45205479452055,659.2465753424658,69.5068493150685,27.698630136986303,120.63013698630137,1
148,148,40,90,70,15,855,75,0,75,0,182.0,19.561643835616437,68.6986301369863,55.93150684931507,18.45205479452055,659.2465753424658,69.5068493150685,27.698630136986303,120.63013698630137,1
149,149,15,60,100,10,825,45,35,110,0,182.0,19.561643835616437,68.6986301369863,55.93150684931507,18.45205479452055,659.2465753424658,69.5068493150685,27.698630136986303,120.63013698630137,1
150,150,10,0,95,70,610,120,5,165,0,182.0,19.561643835616437,68.6986301369863,55.93150684931507,18.45205479452055,659.2465753424658,69.5068493150685,27.698630136986303,120.63013698630137,1
151,151,0,10,65,120,885,40,25,45,0,182.0,19.561643835616437,68.6986301369863,55.93150684931507,18.45205479452055,659.2465753424658,69.5068493150685,27.698630136986303,120.63013698630137,1
152,152,10,120,105,0,845,20,20,115,0,182.0,19.561643835616437,68.6986301369863,55.93150684931507,18.45205479452055,659.2465753424658,69.5068493150685,27.698630136986303,120.63013698630137,1
153,153,10,195,50,0,845,30,5,55,0,182.0,19.561643835616437,68.6986301369863,55.93150684931507,18.45205479452055,659.2465753424658,69.5068493150685,27.698630136986303,120.63013698630137,1
154,154,5,25,0,0,1090,0,30,60,0,182.0,19.561643835616437,68.6986301369863,55.93150684931507,18.45205479452055,659.2465753424658,69.5068493150685,27.698630136986303,120.63013698630137,1
155,155,25,35,20,0,755,10,20,95,0,182.0,19.561643835616437,68.6986301369863,55.93150684931507,18.45205479452055,659.2465753424658,69.5068493150685,27.698630136986303,120.63013698630137,1
156,156,10,30,30,0,710,0,45,160,0,182.0,19.561643835616437,68.6986301369863,55.93150684931507,18.45205479452055,659.2465753424658,69.5068493150685,27.698630136986303,120.63013698630137,1
157,157,15,20,0,0,675,30,35,150,0,182.0,19.561643835616437,68.6986301369863,55.93150684931507,18.45205479452055,659.2465753424658,69.5068493150685,27.698630136986303,120.63013698630137,1
158,158,20,10,20,0,590,20,30,155,0,182.0,19.561643835616437,68.6986301369863,55.93150684931507,18.45205479452055,659.2465753424658,69.5068493150685,27.698630136986303,120.63013698630137,1
159,159,15,20,65,50,655,110,25,105,0,182.0,19.561643835616437,68.6986301369863,55.93150684931507,18.45205479452055,659.2465753424658,69.5068493150685,27.698630136986303,120.63013698630137,1
160,160,55,25,65,20,595,65,25,95,0,182.0,19.561643835616437,68.6986301369863,55.93150684931507,18.45205479452055,659.2465753424658,69.5068493150685,27.698630136986303,120.63013698630137,1
161,161,20,85,35,375,560,50,15,125,0,182.0,19.561643835616437,68.6986301369863,55.93150684931507,18.45205479452055,659.2465753424658,69.5068493150685,27.698630136986303,120.63013698630137,1
162,162,120,80,5,220,615,0,20,35,0,182.0,19.561643835616437,68.6986301369863,55.93150684931507,18.45205479452055,659.2465753424658,69.5068493150685,27.698630136986303,120.63013698630137,1
163,163,5,60,20,45,605,20,30,90,0,182.0,19.561643835616437,68.6986301369863,55.93150684931507,18.45205479452055,659.2465753424658,69.5068493150685,27.698630136986303,120.63013698630137,1
164,164,10,70,80,20,690,55,120,170,0,182.0,19.561643835616437,68.6986301369863,55.93150684931507,18.45205479452055,659.2465753424658,69.5068493150685,27.698630136986303,120.63013698630137,1
165,165,0,25,90,25,725,85,90,80,0,182.0,19.561643835616437,68.6986301369863,55.93150684931507,18.45205479452055,659.2465753424658,69.5068493150685,27.698630136986303,120.63013698630137,1
166,166,0,40,40,10,550,125,10,105,0,182.0,19.561643835616437,68.6986301369863,55.93150684931507,18.45205479452055,659.2465753424658,69.5068493150685,27.698630136986303,120.63013698630137,1
167,167,5,140,80,70,600,90,85,160,0,182.0,19.561643835616437,68.6986301369863,55.93150684931507,18.45205479452055,659.2465753424658,69.5068493150685,27.698630136986303,120.63013698630137,1
168,168,30,150,60,45,540,65,25,55,0,182.0,19.561643835616437,68.6986301369863,55.93150684931507,18.45205479452055,659.2465753424658,69.5068493150685,27.698630136986303,120.63013698630137,1
169,169,25,145,55,60,555,35,15,150,0,182.0,19.561643835616437,68.6986301369863,55.93150684931507,18.45205479452055,659.2465753424658,69.5068493150685,27.698630136986303,120.63013698630137,1
170,170,0,40,35,5,520,100,40,145,0,182.0,19.561643835616437,68.6986301369863,55.93150684931507,18.45205479452055,659.2465753424658,69.5068493150685,27.698630136986303,120.63013698630137,1
171,171,15,30,25,5,615,60,70,345,0,182.0,19.561643835616437,68.6986301369863,55.93150684931507,18.45205479452055,659.2465753424658,69.5068493150685,27.698630136986303,120.63013698630137,1
172,172,10,5,0,5,855,20,15,60,0,182.0,19.561643835616437,68.6986301369863,55.93150684931507,18.45205479452055,659.2465753424658,69.5068493150685,27.698630136986303,120.63013698630137,1
173,173,25,30,170,0,645,80,10,125,0,182.0,19.561643835616437,68.6986301369863,55.93150684931507,18.45205479452055,659.2465753424658,69.5068493150685,27.698630136986303,120.63013698630137,1
174,174,30,145,65,0,750,80,15,75,0,182.0,19.561643835616437,68.6986301369863,55.93150684931507,18.45205479452055,659.2465753424658,69.5068493150685,27.698630136986303,120.63013698630137,1
175,175,5,210,90,10,605,60,10,190,0,182.0,19.561643835616437,68.6986301369863,55.93150684931507,18.45205479452055,659.2465753424658,69.5068493150685,27.698630136986303,120.63013698630137,1
176,176,15,180,60,0,550,95,20,170,0,182.0,19.561643835616437,68.6986301369863,55.93150684931507,18.45205479452055,659.2465753424658,69.5068493150685,27.698630136986303,120.63013698630137,1
177,177,0,30,80,0,595,130,40,180,0,182.0,19.561643835616437,68.6986301369863,55.93150684931507,18.45205479452055,659.2465753424658,69.5068493150685,27.698630136986303,120.63013698630137,1
178,178,20,15,120,0,700,95,75,145,0,182.0,19.561643835616437,68.6986301369863,55.93150684931507,18.45205479452055,659.2465753424658,69.5068493150685,27.698630136986303,120.63013698630137,1
179,179,20,40,65,25,865,35,85,95,0,182.0,19.561643835616437,68.6986301369863,55.93150684931507,18.45205479452055,659.2465753424658,69.5068493150685,27.698630136986303,120.63013698630137,1
180,180,5,105,110,0,635,50,30,160,0,182.0,19.561643835616437,68.6986301369863,55.93150684931507,18.45205479452055,659.2465753424658,69.5068493150685,27.698630136986303,120.63013698630137,1
181,181,0,25,25,0,600,65,15,140,0,182.0,19.561643835616437,68.6986301369863,55.93150684931507,18.45205479452055,659.2465753424658,69.5068493150685,27.698630136986303,120.63013698630137,1
182,182,0,25,30,0,725,30,0,150,0,182.0,19.561643835616437,68.6986301369863,55.93150684931507,18.45205479452055,659.2465753424658,69.5068493150685,27.698630136986303,120.63013698630137,1
183,183,0,10,80,35,875,120,30,120,0,182.0,19.561643835616437,68.6986301369863,55.93150684931507,18.45205479452055,659.2465753424658,69.5068493150685,27.698630136986303,120.63013698630137,1
184,184,10,30,110,40,780,75,30,150,0,182.0,19.561643835616437,68.6986301369863,55.93150684931507,18.45205479452055,659.2465753424658,69.5068493150685,27.698630136986303,120.63013698630137,1
185,185,0,25,95,30,580,130,10,90,0,182.0,19.561643835616437,68.6986301369863,55.93150684931507,18.45205479452055,659.2465753424658,69.5068493150685,27.698630136986303,120.63013698630137,1
186,186,10,10,70,165,625,60,45,60,0,182.0,19.561643835616437,68.6986301369863,55.93150684931507,18.45205479452055,659.2465753424658,69.5068493150685,27.698630136986303,120.63013698630137,1
187,187,0,15,35,0,540,110,5,160,0,182.0,19.561643835616437,68.6986301369863,55.93150684931507,18.45205479452055,659.2465753424658,69.5068493150685,27.698630136986303,120.63013698630137,1
188,188,20,105,20,0,600,85,10,125,0,182.0,19.561643835616437,68.6986301369863,55.93150684931507,18.45205479452055,659.2465753424658,69.5068493150685,27.698630136986303,120.63013698630137,1
189,189,10,50,40,0,630,55,0,125,0,182.0,19.561643835616437,68.6986301369863,55.93150684931507,18.45205479452055,659.2465753424658,69.5068493150685,27.698630136986303,120.63013698630137,1
190,190,50,145,75,0,660,100,25,100,0,182.0,19.561643835616437,68.6986301369863,55.93150684931507,18.45205479452055,659.2465753424658,69.5068493150685,27.698630136986303,120.63013698630137,1
191,191,25,90,95,0,575,95,20,150,0,182.0,19.561643835616437,68.6986301369863,55.93150684931507,18.45205479452055,659.2465753424658,69.5068493150685,27.698630136986303,120.63013698630137,1
192,192,0,20,80,0,1000,80,10,65,0,182.0,19.561643835616437,68.6986301369863,55.93150684931507,18.45205479452055,659.2465753424658,69.5068493150685,27.698630136986303,120.63013698630137,1
193,193,0,5,20,0,1125,10,25,15,0,182.0,19.561643835616437,68.6986301369863,55.93150684931507,18.45205479452055,659.2465753424658,69.5068493150685,27.698630136986303,120.63013698630137,1
194,194,10,45,55,0,575,115,15,105,0,182.0,19.561643835616437,68.6986301369863,55.93150684931507,18.45205479452055,659.2465753424658,69.5068493150685,27.698630136986303,120.63013698630137,1
195,195,15,45,40,0,875,100,15,55,0,182.0,19.561643835616437,68.6986301369863,55.93150684931507,18.45205479452055,659.2465753424658,69.5068493150685,27.698630136986303,120.63013698630137,1
196,196,0,5,0,0,1110,0,5,10,0,182.0,19.561643835616437,68.6986301369863,55.93150684931507,18.45205479452055,659.2465753424658,69.5068493150685,27.698630136986303,120.63013698630137,1
197,197,90,85,110,0,660,115,15,205,0,182.0,19.561643835616437,68.6986301369863,55.93150684931507,18.45205479452055,659.2465753424658,69.5068493150685,27.698630136986303,120.63013698630137,1
198,198,20,80,40,5,640,110,25,185,0,182.0,19.561643835616437,68.6986301369863,55.93150684931507,18.45205479452055,659.2465753424658,69.5068493150685,27.698630136986303,120.63013698630137,1
199,199,0,20,110,10,945,115,70,155,0,182.0,19.561643835616437,68.6986301369863,55.93150684931507,18.45205479452055,659.2465753424658,69.5068493150685,27.698630136986303,120.63013698630137,1
200,200,0,5,75,0,700,65,50,65,0,182.0,19.561643835616437,68.6986301369863,55.93150684931507,18.45205479452055,659.2465753424658,69.5068493150685,27.698630136986303,120.63013698630137,1
201,201,0,35,35,0,570,95,10,190,0,182.0,19.561643835616437,68.6986301369863,55.93150684931507,18.45205479452055,659.2465753424658,69.5068493150685,27.698630136986303,120.63013698630137,1
202,202,40,105,45,0,535,110,40,180,0,182.0,19.561643835616437,68.6986301369863,55.93150684931507,18.45205479452055,659.2465753424658,69.5068493150685,27.698630136986303,120.63013698630137,1
203,203,25,215,110,0,650,55,25,165,0,182.0,19.561643835616437,68.6986301369863,55.93150684931507,18.45205479452055,659.2465753424658,69.5068493150685,27.698630136986303,120.63013698630137,1
204,204,25,120,55,0,675,65,45,215,0,182.0,19.561643835616437,68.6986301369863,55.93150684931507,18.45205479452055,659.2465753424658,69.5068493150685,27.698630136986303,120.63013698630137,1
205,205,40,65,55,15,560,110,20,150,0,182.0,19.561643835616437,68.6986301369863,55.93150684931507,18.45205479452055,659.2465753424658,69.5068493150685,27.698630136986303,120.63013698630137,1
206,206,0,40,85,45,555,135,60,180,0,182.0,19.561643835616437,68.6986301369863,55.93150684931507,18.45205479452055,659.2465753424658,69.5068493150685,27.698630136986303,120.63013698630137,1
207,207,0,20,65,5,790,60,60,100,0,182.0,19.561643835616437,68.6986301369863,55.93150684931507,18.45205479452055,659.2465753424658,69.5068493150685,27.698630136986303,120.63013698630137,1
208,208,35,105,90,0,620,115,20,120,0,182.0,19.561643835616437,68.6986301369863,55.93150684931507,18.45205479452055,659.2465753424658,69.5068493150685,27.698630136986303,120.63013698630137,1
209,209,5,135,50,0,550,75,15,125,0,182.0,19.561643835616437,68.6986301369863,55.93150684931507,18.45205479452055,659.2465753424658,69.5068493150685,27.698630136986303,120.63013698630137,1
210,210,25,85,55,0,620,65,40,50,0,182.0,19.561643835616437,68.6986301369863,55.93150684931507,18.45205479452055,659.2465753424658,69.5068493150685,27.698630136986303,120.63013698630137,1
211,211,5,65,85,0,535,115,15,125,0,182.0,19.561643835616437,68.6986301369863,55.93150684931507,18.45205479452055,659.2465753424658,69.5068493150685,27.698630136986303,120.63013698630137,1
212,212,20,50,120,0,585,80,10,200,0,182.0,19.561643835616437,68.6986301369863,55.93150684931507,18.45205479452055,659.2465753424658,69.5068493150685,27.698630136986303,120.63013698630137,1
213,213,0,55,165,65,690,150,60,100,0,182.0,19.561643835616437,68.6986301369863,55.93150684931507,18.45205479452055,659.2465753424658,69.5068493150685,27.698630136986303,120.63013698630137,1
214,214,10,0,120,5,620,125,40,170,0,182.0,19.561643835616437,68.6986301369863,55.93150684931507,18.45205479452055,659.2465753424658,69.5068493150685,27.698630136986303,120.63013698630137,1
215,215,5,55,60,25,810,75,25,30,0,182.0,19.561643835616437,68.6986301369863,55.93150684931507,18.45205479452055,659.2465753424658,69.5068493150685,27.698630136986303,120.63013698630137,1
216,216,40,130,30,10,540,45,15,95,0,182.0,19.561643835616437,68.6986301369863,55.93150684931507,18.45205479452055,659.2465753424658,69.5068493150685,27.698630136986303,120.63013698630137,1
217,217,45,210,55,25,625,45,5,145,0,182.0,19.561643835616437,68.6986301369863,55.93150684931507,18.45205479452055,659.2465753424658,69.5068493150685,27.698630136986303,120.63013698630137,1
218,218,40,160,85,0,775,115,35,115,0,182.0,19.561643835616437,68.6986301369863,55.93150684931507,18.45205479452055,659.2465753424658,69.5068493150685,27.698630136986303,120.63013698630137,1
219,219,5,80,70,0,1010,35,30,30,0,182.0,19.561643835616437,68.6986301369863,55.93150684931507,18.45205479452055,659.2465753424658,69.5068493150685,27.698630136986303,120.63013698630137,1
220,220,30,0,20,175,820,15,10,40,0,182.0,19.561643835616437,68.6986301369863,55.93150684931507,18.45205479452055,659.2465753424658,69.5068493150685,27.698630136986303,120.63013698630137,1
221,221,0,65,160,145,555,175,70,155,0,182.0,19.561643835616437,68.6986301369863,55.93150684931507,18.45205479452055,659.2465753424658,69.5068493150685,27.698630136986303,120.63013698630137,1
222,222,5,10,60,0,550,80,5,160,0,182.0,19.561643835616437,68.6986301369863,55.93150684931507,18.45205479452055,659.2465753424658,69.5068493150685,27.698630136986303,120.63013698630137,1
223,223,30,175,25,0,570,35,20,80,0,182.0,19.561643835616437,68.6986301369863,55.93150684931507,18.45205479452055,659.2465753424658,69.5068493150685,27.698630136986303,120.63013698630137,1
224,224,15,110,30,0,630,65,5,140,0,182.0,19.561643835616437,68.6986301369863,55.93150684931507,18.45205479452055,659.2465753424658,69.5068493150685,27.698630136986303,120.63013698630137,1
225,225,65,65,40,0,550,155,10,155,0,182.0,19.561643835616437,68.6986301369863,55.93150684931507,18.45205479452055,659.2465753424658,69.5068493150685,27.698630136986303,120.63013698630137,1
226,226,15,90,100,0,685,90,15,120,0,182.0,19.561643835616437,68.6986301369863,55.93150684931507,18.45205479452055,659.2465753424658,69.5068493150685,27.698630136986303,120.63013698630137,1
227,227,0,40,105,0,665,150,45,135,0,182.0,19.561643835616437,68.6986301369863,55.93150684931507,18.45205479452055,659.2465753424658,69.5068493150685,27.698630136986303,120.63013698630137,1
228,228,0,10,50,0,605,230,5,110,0,182.0,19.561643835616437,68.6986301369863,55.93150684931507,18.45205479452055,659.2465753424658,69.5068493150685,27.698630136986303,120.63013698630137,1
229,229,25,40,45,0,555,80,20,75,0,182.0,19.561643835616437,68.6986301369863,55.93150684931507,18.45205479452055,659.2465753424658,69.5068493150685,27.698630136986303,120.63013698630137,1
230,230,25,100,100,20,850,65,0,150,0,182.0,19.561643835616437,68.6986301369863,55.93150684931507,18.45205479452055,659.2465753424658,69.5068493150685,27.698630136986303,120.63013698630137,1
231,231,15,75,95,5,560,90,20,125,0,182.0,19.561643835616437,68.6986301369863,55.93150684931507,18.45205479452055,659.2465753424658,69.5068493150685,27.698630136986303,120.63013698630137,1
232,232,55,150,75,0,590,55,15,85,0,182.0,19.561643835616437,68.6986301369863,55.93150684931507,18.45205479452055,659.2465753424658,69.5068493150685,27.698630136986303,120.63013698630137,1
233,233,35,70,55,0,585,100,10,145,0,182.0,19.561643835616437,68.6986301369863,55.93150684931507,18.45205479452055,659.2465753424658,69.5068493150685,27.698630136986303,120.63013698630137,1
234,234,45,20,110,0,725,105,70,150,0,182.0,19.561643835616437,68.6986301369863,55.93150684931507,18.45205479452055,659.2465753424658,69.5068493150685,27.698630136986303,120.63013698630137,1
235,235,25,45,35,0,650,40,50,95,0,182.0,19.561643835616437,68.6986301369863,55.93150684931507,18.45205479452055,659.2465753424658,69.5068493150685,27.698630136986303,120.63013698630137,1
236,236,25,130,35,0,770,105,50,135,0,182.0,19.561643835616437,68.6986301369863,55.93150684931507,18.45205479452055,659.2465753424658,69.5068493150685,27.698630136986303,120.63013698630137,1
237,237,65,195,50,0,615,110,40,70,0,182.0,19.561643835616437,68.6986301369863,55.93150684931507,18.45205479452055,659.2465753424658,69.5068493150685,27.698630136986303,120.63013698630137,1
238,238,25,150,70,0,455,85,20,105,0,182.0,19.561643835616437,68.6986301369863,55.93150684931507,18.45205479452055,659.2465753424658,69.5068493150685,27.698630136986303,120.63013698630137,1
239,239,15,120,85,0,595,80,0,180,0,182.0,19.561643835616437,68.6986301369863,55.93150684931507,18.45205479452055,659.2465753424658,69.5068493150685,27.698630136986303,120.63013698630137,1
240,240,0,80,30,0,620,100,20,80,0,182.0,19.561643835616437,68.6986301369863,55.93150684931507,18.45205479452055,659.2465753424658,69.5068493150685,27.698630136986303,120.63013698630137,1
241,241,0,20,95,70,660,80,80,105,0,182.0,19.561643835616437,68.6986301369863,55.93150684931507,18.45205479452055,659.2465753424658,69.5068493150685,27.698630136986303,120.63013698630137,1
242,242,0,0,50,155,665,30,55,150,0,182.0,19.561643835616437,68.6986301369863,55.93150684931507,18.45205479452055,659.2465753424658,69.5068493150685,27.698630136986303,120.63013698630137,1
243,243,20,20,35,35,720,150,25,140,0,182.0,19.561643835616437,68.6986301369863,55.93150684931507,18.45205479452055,659.2465753424658,69.5068493150685,27.698630136986303,120.63013698630137,1
244,244,10,30,35,0,545,60,10,50,0,182.0,19.561643835616437,68.6986301369863,55.93150684931507,18.45205479452055,659.2465753424658,69.5068493150685,27.698630136986303,120.63013698630137,1
245,245,5,205,30,20,635,60,10,60,0,182.0,19.561643835616437,68.6986301369863,55.93150684931507,18.45205479452055,659.2465753424658,69.5068493150685,27.698630136986303,120.63013698630137,1
246,246,10,40,35,5,560,70,20,135,0,182.0,19.561643835616437,68.6986301369863,55.93150684931507,18.45205479452055,659.2465753424658,69.5068493150685,27.698630136986303,120.63013698630137,1
247,247,25,50,65,0,605,60,30,205,0,182.0,19.561643835616437,68.6986301369863,55.93150684931507,18.45205479452055,659.2465753424658,69.5068493150685,27.698630136986303,120.63013698630137,1
248,248,0,10,130,115,790,70,30,175,0,182.0,19.561643835616437,68.6986301369863,55.93150684931507,18.45205479452055,659.2465753424658,69.5068493150685,27.698630136986303,120.63013698630137,1
249,249,0,15,45,115,720,5,10,130,0,182.0,19.561643835616437,68.6986301369863,55.93150684931507,18.45205479452055,659.2465753424658,69.5068493150685,27.698630136986303,120.63013698630137,1
250,250,15,60,35,15,530,80,0,150,0,182.0,19.561643835616437,68.6986301369863,55.93150684931507,18.45205479452055,659.2465753424658,69.5068493150685,27.698630136986303,120.63013698630137,1
251,251,10,125,30,80,455,40,30,85,0,182.0,19.561643835616437,68.6986301369863,55.93150684931507,18.45205479452055,659.2465753424658,69.5068493150685,27.698630136986303,120.63013698630137,1
252,252,10,160,10,0,1030,0,5,70,0,182.0,19.561643835616437,68.6986301369863,55.93150684931507,18.45205479452055,659.2465753424658,69.5068493150685,27.698630136986303,120.63013698630137,1
253,253,40,155,95,0,500,50,5,115,0,182.0,19.561643835616437,68.6986301369863,55.93150684931507,18.45205479452055,659.2465753424658,69.5068493150685,27.698630136986303,120.63013698630137,1
254,254,15,60,105,0,690,75,20,95,0,182.0,19.561643835616437,68.6986301369863,55.93150684931507,18.45205479452055,659.2465753424658,69.5068493150685,27.698630136986303,120.63013698630137,1
255,255,5,15,80,55,655,85,55,130,0,182.0,19.561643835616437,68.6986301369863,55.93150684931507,18.45205479452055,659.2465753424658,69.5068493150685,27.698630136986303,120.63013698630137,1
256,256,25,0,110,20,895,50,15,75,0,182.0,19.561643835616437,68.6986301369863,55.93150684931507,18.45205479452055,659.2465753424658,69.5068493150685,27.698630136986303,120.63013698630137,1
257,257,15,85,125,0,780,125,10,70,0,182.0,19.561643835616437,68.6986301369863,55.93150684931507,18.45205479452055,659.2465753424658,69.5068493150685,27.698630136986303,120.63013698630137,1
258,258,10,70,90,0,690,115,15,110,0,182.0,19.561643835616437,68.6986301369863,55.93150684931507,18.45205479452055,659.2465753424658,69.5068493150685,27.698630136986303,120.63013698630137,1
259,259,90,195,60,0,575,85,30,125,0,182.0,19.561643835616437,68.6986301369863,55.93150684931507,18.45205479452055,659.2465753424658,69.5068493150685,27.698630136986303,120.63013698630137,1
260,260,10,145,20,10,960,145,5,80,0,182.0,19.561643835616437,68.6986301369863,55.93150684931507,18.45205479452055,659.2465753424658,69.5068493150685,27.698630136986303,120.63013698630137,1
261,261,20,30,75,140,745,25,10,135,0,182.0,19.561643835616437,68.6986301369863,55.93150684931507,18.45205479452055,659.2465753424658,69.5068493150685,27.698630136986303,120.63013698630137,1
262,262,10,35,115,160,580,60,25,185,0,182.0,19.561643835616437,68.6986301369863,55.93150684931507,18.45205479452055,659.2465753424658,69.5068493150685,27.698630136986303,120.63013698630137,1
263,263,10,35,60,215,810,70,5,70,0,182.0,19.561643835616437,68.6986301369863,55.93150684931507,18.45205479452055,659.2465753424658,69.5068493150685,27.698630136986303,120.63013698630137,1
264,264,25,90,40,0,645,70,15,145,0,182.0,19.561643835616437,68.6986301369863,55.93150684931507,18.45205479452055,659.2465753424658,69.5068493150685,27.698630136986303,120.63013698630137,1
265,265,15,145,55,0,720,85,5,160,0,182.0,19.561643835616437,68.6986301369863,55.93150684931507,18.45205479452055,659.2465753424658,69.5068493150685,27.698630136986303,120.63013698630137,1
266,266,20,55,10,0,1160,0,0,80,0,182.0,19.561643835616437,68.6986301369863,55.93150684931507,18.45205479452055,659.2465753424658,69.5068493150685,27.698630136986303,120.63013698630137,1
267,267,30,160,80,0,590,55,0,200,0,182.0,19.561643835616437,68.6986301369863,55.93150684931507,18.45205479452055,659.2465753424658,69.5068493150685,27.698630136986303,120.63013698630137,1
268,268,65,125,90,0,545,95,30,100,0,182.0,19.561643835616437,68.6986301369863,55.93150684931507,18.45205479452055,659.2465753424658,69.5068493150685,27.698630136986303,120.63013698630137,1
269,269,0,35,100,0,985,65,30,190,0,182.0,19.561643835616437,68.6986301369863,55.93150684931507,18.45205479452055,659.2465753424658,69.5068493150685,27.698630136986303,120.63013698630137,1
270,270,5,30,20,0,895,75,5,120,0,182.0,19.561643835616437,68.6986301369863,55.93150684931507,18.45205479452055,659.2465753424658,69.5068493150685,27.698630136986303,120.63013698630137,1
271,271,5,10,45,15,565,70,20,125,0,182.0,19.561643835616437,68.6986301369863,55.93150684931507,18.45205479452055,659.2465753424658,69.5068493150685,27.698630136986303,120.63013698630137,1
272,272,10,70,25,15,540,50,35,85,0,182.0,19.561643835616437,68.6986301369863,55.93150684931507,18.45205479452055,659.2465753424658,69.5068493150685,27.698630136986303,120.63013698630137,1
273,273,40,120,35,40,530,65,5,85,0,182.0,19.561643835616437,68.6986301369863,55.93150684931507,18.45205479452055,659.2465753424658,69.5068493150685,27.698630136986303,120.63013698630137,1
274,274,20,145,45,0,720,35,0,60,0,182.0,19.561643835616437,68.6986301369863,55.93150684931507,18.45205479452055,659.2465753424658,69.5068493150685,27.698630136986303,120.63013698630137,1
275,275,10,45,25,5,855,20,0,95,0,182.0,19.561643835616437,68.6986301369863,55.93150684931507,18.45205479452055,659.2465753424658,69.5068493150685,27.698630136986303,120.63013698630137,1
276,276,10,0,115,0,845,90,10,155,0,182.0,19.561643835616437,68.6986301369863,55.93150684931507,18.45205479452055,659.2465753424658,69.5068493150685,27.698630136986303,120.63013698630137,1
277,277,0,20,20,0,900,80,0,155,0,182.0,19.561643835616437,68.6986301369863,55.93150684931507,18.45205479452055,659.2465753424658,69.5068493150685,27.698630136986303,120.63013698630137,1
278,278,25,80,95,0,765,105,10,145,0,182.0,19.561643835616437,68.6986301369863,55.93150684931507,18.45205479452055,659.2465753424658,69.5068493150685,27.698630136986303,120.63013698630137,1
279,279,50,220,45,0,655,45,10,55,0,182.0,19.561643835616437,68.6986301369863,55.93150684931507,18.45205479452055,659.2465753424658,69.5068493150685,27.698630136986303,120.63013698630137,1
280,280,35,230,65,0,590,45,15,50,0,182.0,19.561643835616437,68.6986301369863,55.93150684931507,18.45205479452055,659.2465753424658,69.5068493150685,27.698630136986303,120.63013698630137,1
281,281,20,105,40,5,550,50,20,35,0,182.0,19.561643835616437,68.6986301369863,55.93150684931507,18.45205479452055,659.2465753424658,69.5068493150685,27.698630136986303,120.63013698630137,1
282,282,15,90,55,125,695,110,15,85,0,182.0,19.561643835616437,68.6986301369863,55.93150684931507,18.45205479452055,659.2465753424658,69.5068493150685,27.698630136986303,120.63013698630137,1
283,283,0,30,45,280,330,20,65,145,0,182.0,19.561643835616437,68.6986301369863,55.93150684931507,18.45205479452055,659.2465753424658,69.5068493150685,27.698630136986303,120.63013698630137,1
284,284,0,0,45,185,585,70,5,130,0,182.0,19.561643835616437,68.6986301369863,55.93150684931507,18.45205479452055,659.2465753424658,69.5068493150685,27.698630136986303,120.63013698630137,1
285,285,25,20,70,150,715,10,55,175,0,182.0,19.561643835616437,68.6986301369863,55.93150684931507,18.45205479452055,659.2465753424658,69.5068493150685,27.698630136986303,120.63013698630137,1
286,286,15,100,70,0,490,25,10,160,0,182.0,19.561643835616437,68.6986301369863,55.93150684931507,18.45205479452055,659.2465753424658,69.5068493150685,27.698630136986303,120.63013698630137,1
287,287,35,225,75,0,525,40,5,120,0,182.0,19.561643835616437,68.6986301369863,55.93150684931507,18.45205479452055,659.2465753424658,69.5068493150685,27.698630136986303,120.63013698630137,1
288,288,25,140,35,0,510,80,0,60,0,182.0,19.561643835616437,68.6986301369863,55.93150684931507,18.45205479452055,659.2465753424658,69.5068493150685,27.698630136986303,120.63013698630137,1
289,289,50,110,25,0,545,135,0,185,0,182.0,19.561643835616437,68.6986301369863,55.93150684931507,18.45205479452055,659.2465753424658,69.5068493150685,27.698630136986303,120.63013698630137,1
290,290,5,40,95,20,965,15,65,155,0,182.0,19.561643835616437,68.6986301369863,55.93150684931507,18.45205479452055,659.2465753424658,69.5068493150685,27.698630136986303,120.63013698630137,1
291,291,0,15,15,0,830,30,40,105,0,182.0,19.561643835616437,68.6986301369863,55.93150684931507,18.45205479452055,659.2465753424658,69.5068493150685,27.698630136986303,120.63013698630137,1
292,292,40,60,35,0,650,40,5,145,0,182.0,19.561643835616437,68.6986301369863,55.93150684931507,18.45205479452055,659.2465753424658,69.5068493150685,27.698630136986303,120.63013698630137,1
293,293,30,195,70,0,580,135,10,135,0,182.0,19.561643835616437,68.6986301369863,55.93150684931507,18.45205479452055,659.2465753424658,69.5068493150685,27.698630136986303,120.63013698630137,1
294,294,30,245,55,10,715,45,10,105,0,182.0,19.561643835616437,68.6986301369863,55.93150684931507,18.45205479452055,659.2465753424658,69.5068493150685,27.698630136986303,120.63013698630137,1
295,295,60,270,50,20,560,40,0,55,0,182.0,19.561643835616437,68.6986301369863,55.93150684931507,18.45205479452055,659.2465753424658,69.5068493150685,27.698630136986303,120.63013698630137,1
296,296,20,90,85,35,610,140,10,155,0,182.0,19.561643835616437,68.6986301369863,55.93150684931507,18.45205479452055,659.2465753424658,69.5068493150685,27.698630136986303,120.63013698630137,1
297,297,25,50,75,5,580,160,25,165,0,182.0,19.561643835616437,68.6986301369863,55.93150684931507,18.45205479452055,659.2465753424658,69.5068493150685,27.698630136986303,120.63013698630137,1
298,298,15,45,90,5,890,30,0,65,0,182.0,19.561643835616437,68.6986301369863,55.93150684931507,18.45205479452055,659.2465753424658,69.5068493150685,27.698630136986303,120.63013698630137,1
299,299,80,140,60,0,585,40,5,95,0,182.0,19.561643835616437,68.6986301369863,55.93150684931507,18.45205479452055,659.2465753424658,69.5068493150685,27.698630136986303,120.63013698630137,1
300,300,55,220,55,10,630,60,10,160,0,182.0,19.561643835616437,68.6986301369863,55.93150684931507,18.45205479452055,659.2465753424658,69.5068493150685,27.698630136986303,120.63013698630137,1
301,301,15,125,70,0,555,30,0,115,0,182.0,19.561643835616437,68.6986301369863,55.93150684931507,18.45205479452055,659.2465753424658,69.5068493150685,27.698630136986303,120.63013698630137,1
302,302,10,70,15,0,510,45,10,50,0,182.0,19.561643835616437,68.6986301369863,55.93150684931507,18.45205479452055,659.2465753424658,69.5068493150685,27.698630136986303,120.63013698630137,1
303,303,15,70,55,10,645,50,0,110,0,182.0,19.561643835616437,68.6986301369863,55.93150684931507,18.45205479452055,659.2465753424658,69.5068493150685,27.698630136986303,120.63013698630137,1
304,304,20,25,45,125,980,110,20,235,0,182.0,19.561643835616437,68.6986301369863,55.93150684931507,18.45205479452055,659.2465753424658,69.5068493150685,27.698630136986303,120.63013698630137,1
305,305,10,25,65,155,730,75,45,70,0,182.0,19.561643835616437,68.6986301369863,55.93150684931507,18.45205479452055,659.2465753424658,69.5068493150685,27.698630136986303,120.63013698630137,1
306,306,10,15,60,0,820,60,0,155,0,182.0,19.561643835616437,68.6986301369863,55.93150684931507,18.45205479452055,659.2465753424658,69.5068493150685,27.698630136986303,120.63013698630137,1
307,307,25,95,50,0,775,60,0,130,0,182.0,19.561643835616437,68.6986301369863,55.93150684931507,18.45205479452055,659.2465753424658,69.5068493150685,27.698630136986303,120.63013698630137,1
308,308,35,110,45,0,655,85,5,160,0,182.0,19.561643835616437,68.6986301369863,55.93150684931507,18.45205479452055,659.2465753424658,69.5068493150685,27.698630136986303,120.63013698630137,1
309,309,40,105,25,0,635,110,20,155,0,182.0,19.561643835616437,68.6986301369863,55.93150684931507,18.45205479452055,659.2465753424658,69.5068493150685,27.698630136986303,120.63013698630137,1
310,310,20,70,100,5,675,95,20,105,0,182.0,19.561643835616437,68.6986301369863,55.93150684931507,18.45205479452055,659.2465753424658,69.5068493150685,27.698630136986303,120.63013698630137,1
311,311,20,0,75,80,840,55,10,175,0,182.0,19.561643835616437,68.6986301369863,55.93150684931507,18.45205479452055,659.2465753424658,69.5068493150685,27.698630136986303,120.63013698630137,1
312,312,15,35,30,60,955,15,35,45,0,182.0,19.561643835616437,68.6986301369863,55.93150684931507,18.45205479452055,659.2465753424658,69.5068493150685,27.698630136986303,120.63013698630137,1
313,313,0,40,35,0,720,75,0,105,0,182.0,19.561643835616437,68.6986301369863,55.93150684931507,18.45205479452055,659.2465753424658,69.5068493150685,27.698630136986303,120.63013698630137,1
314,314,5,130,25,0,570,50,10,115,0,182.0,19.561643835616437,68.6986301369863,55.93150684931507,18.45205479452055,659.2465753424658,69.5068493150685,27.698630136986303,120.63013698630137,1
315,315,35,90,35,0,1080,5,5,100,0,182.0,19.561643835616437,68.6986301369863,55.93150684931507,18.45205479452055,659.2465753424658,69.5068493150685,27.698630136986303,120.63013698630137,1
316,316,100,95,30,0,800,60,10,120,0,182.0,19.561643835616437,68.6986301369863,55.93150684931507,18.45205479452055,659.2465753424658,69.5068493150685,27.698630136986303,120.63013698630137,1
317,317,70,60,20,5,610,90,5,120,0,182.0,19.561643835616437,68.6986301369863,55.93150684931507,18.45205479452055,659.2465753424658,69.5068493150685,27.698630136986303,120.63013698630137,1
318,318,10,30,30,50,585,65,35,115,0,182.0,19.561643835616437,68.6986301369863,55.93150684931507,18.45205479452055,659.2465753424658,69.5068493150685,27.698630136986303,120.63013698630137,1
319,319,0,30,70,180,855,20,35,65,0,182.0,19.561643835616437,68.6986301369863,55.93150684931507,18.45205479452055,659.2465753424658,69.5068493150685,27.698630136986303,120.63013698630137,1
320,320,5,65,65,0,675,95,5,100,0,182.0,19.561643835616437,68.6986301369863,55.93150684931507,18.45205479452055,659.2465753424658,69.5068493150685,27.698630136986303,120.63013698630137,1
321,321,30,230,80,0,570,90,5,75,0,182.0,19.561643835616437,68.6986301369863,55.93150684931507,18.45205479452055,659.2465753424658,69.5068493150685,27.698630136986303,120.63013698630137,1
322,322,25,210,35,0,860,20,10,140,0,182.0,19.561643835616437,68.6986301369863,55.93150684931507,18.45205479452055,659.2465753424658,69.5068493150685,27.698630136986303,120.63013698630137,1
323,323,10,80,35,0,730,80,0,130,0,182.0,19.561643835616437,68.6986301369863,55.93150684931507,18.45205479452055,659.2465753424658,69.5068493150685,27.698630136986303,120.63013698630137,1
324,324,20,25,30,0,610,55,0,205,0,182.0,19.561643835616437,68.6986301369863,55.93150684931507,18.45205479452055,659.2465753424658,69.5068493150685,27.698630136986303,120.63013698630137,1
325,325,20,10,80,0,805,30,25,215,0,182.0,19.561643835616437,68.6986301369863,55.93150684931507,18.45205479452055,659.2465753424658,69.5068493150685,27.698630136986303,120.63013698630137,1
326,326,0,0,105,0,695,100,70,320,0,182.0,19.561643835616437,68.6986301369863,55.93150684931507,18.45205479452055,659.2465753424658,69.5068493150685,27.698630136986303,120.63013698630137,1
327,327,20,45,15,10,635,65,5,105,0,182.0,19.561643835616437,68.6986301369863,55.93150684931507,18.45205479452055,659.2465753424658,69.5068493150685,27.698630136986303,120.63013698630137,1
328,328,5,25,40,0,665,30,0,45,0,182.0,19.561643835616437,68.6986301369863,55.93150684931507,18.45205479452055,659.2465753424658,69.5068493150685,27.698630136986303,120.63013698630137,1
329,329,0,20,5,0,650,75,35,105,0,182.0,19.561643835616437,68.6986301369863,55.93150684931507,18.45205479452055,659.2465753424658,69.5068493150685,27.698630136986303,120.63013698630137,1
330,330,25,40,105,0,600,130,40,180,0,182.0,19.561643835616437,68.6986301369863,55.93150684931507,18.45205479452055,659.2465753424658,69.5068493150685,27.698630136986303,120.63013698630137,1
331,331,10,35,90,0,710,110,45,120,0,182.0,19.561643835616437,68.6986301369863,55.93150684931507,18.45205479452055,659.2465753424658,69.5068493150685,27.698630136986303,120.63013698630137,1
332,332,0,25,25,0,750,70,165,125,0,182.0,19.561643835616437,68.6986301369863,55.93150684931507,18.45205479452055,659.2465753424658,69.5068493150685,27.698630136986303,120.63013698630137,1
333,333,10,70,35,10,715,60,40,125,0,182.0,19.561643835616437,68.6986301369863,55.93150684931507,18.45205479452055,659.2465753424658,69.5068493150685,27.698630136986303,120.63013698630137,1
334,334,20,70,55,0,595,420,100,245,0,182.0,19.561643835616437,68.6986301369863,55.93150684931507,18.45205479452055,659.2465753424658,69.5068493150685,27.698630136986303,120.63013698630137,1
335,335,25,160,10,0,500,55,55,80,0,182.0,19.561643835616437,68.6986301369863,55.93150684931507,18.45205479452055,659.2465753424658,69.5068493150685,27.698630136986303,120.63013698630137,1
336,336,40,180,35,0,830,25,35,90,0,182.0,19.561643835616437,68.6986301369863,55.93150684931507,18.45205479452055,659.2465753424658,69.5068493150685,27.698630136986303,120.63013698630137,1
337,337,30,50,0,0,1010,5,0,30,0,182.0,19.561643835616437,68.6986301369863,55.93150684931507,18.45205479452055,659.2465753424658,69.5068493150685,27.698630136986303,120.63013698630137,1
338,338,5,35,35,0,670,30,45,140,0,182.0,19.561643835616437,68.6986301369863,55.93150684931507,18.45205479452055,659.2465753424658,69.5068493150685,27.698630136986303,120.63013698630137,1
339,339,5,45,20,0,1175,40,25,75,0,182.0,19.561643835616437,68.6986301369863,55.93150684931507,18.45205479452055,659.2465753424658,69.5068493150685,27.698630136986303,120.63013698630137,1
340,340,0,15,60,0,955,5,50,115,0,182.0,19.561643835616437,68.6986301369863,55.93150684931507,18.45205479452055,659.2465753424658,69.5068493150685,27.698630136986303,120.63013698630137,1
341,341,30,20,35,5,695,65,10,90,0,182.0,19.561643835616437,68.6986301369863,55.93150684931507,18.45205479452055,659.2465753424658,69.5068493150685,27.698630136986303,120.63013698630137,1
342,342,15,180,15,35,545,50,40,130,0,182.0,19.561643835616437,68.6986301369863,55.93150684931507,18.45205479452055,659.2465753424658,69.5068493150685,27.698630136986303,120.63013698630137,1
343,343,25,210,25,25,705,50,50,135,0,182.0,19.561643835616437,68.6986301369863,55.93150684931507,18.45205479452055,659.2465753424658,69.5068493150685,27.698630136986303,120.63013698630137,1
344,344,40,160,30,0,480,30,30,145,0,182.0,19.561643835616437,68.6986301369863,55.93150684931507,18.45205479452055,659.2465753424658,69.5068493150685,27.698630136986303,120.63013698630137,1
345,345,25,60,90,0,680,55,60,245,0,182.0,19.561643835616437,68.6986301369863,55.93150684931507,18.45205479452055,659.2465753424658,69.5068493150685,27.698630136986303,120.63013698630137,1
346,346,10,20,10,0,1135,30,105,100,0,182.0,19.561643835616437,68.6986301369863,55.93150684931507,18.45205479452055,659.2465753424658,69.5068493150685,27.698630136986303,120.63013698630137,1
347,347,0,35,45,0,770,30,110,120,0,182.0,19.561643835616437,68.6986301369863,55.93150684931507,18.45205479452055,659.2465753424658,69.5068493150685,27.698630136986303,120.63013698630137,1
348,348,0,55,25,0,575,40,20,115,0,182.0,19.561643835616437,68.6986301369863,55.93150684931507,18.45205479452055,659.2465753424658,69.5068493150685,27.698630136986303,120.63013698630137,1
349,349,20,105,20,0,595,25,10,100,0,182.0,19.561643835616437,68.6986301369863,55.93150684931507,18.45205479452055,659.2465753424658,69.5068493150685,27.698630136986303,120.63013698630137,1
350,350,35,110,35,0,670,60,10,125,0,182.0,19.561643835616437,68.6986301369863,55.93150684931507,18.45205479452055,659.2465753424658,69.5068493150685,27.698630136986303,120.63013698630137,1
351,351,10,95,20,10,575,35,55,105,0,182.0,19.561643835616437,68.6986301369863,55.93150684931507,18.45205479452055,659.2465753424658,69.5068493150685,27.698630136986303,120.63013698630137,1
352,352,20,60,50,15,725,105,20,160,0,182.0,19.561643835616437,68.6986301369863,55.93150684931507,18.45205479452055,659.2465753424658,69.5068493150685,27.698630136986303,120.63013698630137,1
353,353,0,50,65,80,805,75,50,200,0,182.0,19.561643835616437,68.6986301369863,55.93150684931507,18.45205479452055,659.2465753424658,69.5068493150685,27.698630136986303,120.63013698630137,1
354,354,0,20,5,135,695,45,30,65,0,182.0,19.561643835616437,68.6986301369863,55.93150684931507,18.45205479452055,659.2465753424658,69.5068493150685,27.698630136986303,120.63013698630137,1
355,355,0,0,60,0,595,60,60,105,0,182.0,19.561643835616437,68.6986301369863,55.93150684931507,18.45205479452055,659.2465753424658,69.5068493150685,27.698630136986303,120.63013698630137,1
356,356,0,15,55,0,585,30,45,190,0,182.0,19.561643835616437,68.6986301369863,55.93150684931507,18.45205479452055,659.2465753424658,69.5068493150685,27.698630136986303,120.63013698630137,1
357,357,15,35,60,0,585,90,85,195,0,182.0,19.561643835616437,68.6986301369863,55.93150684931507,18.45205479452055,659.2465753424658,69.5068493150685,27.698630136986303,120.63013698630137,1
358,358,0,30,65,0,630,70,30,190,0,182.0,19.561643835616437,68.6986301369863,55.93150684931507,18.45205479452055,659.2465753424658,69.5068493150685,27.698630136986303,120.63013698630137,1
359,359,0,15,55,0,680,80,45,125,0,182.0,19.561643835616437,68.6986301369863,55.93150684931507,18.45205479452055,659.2465753424658,69.5068493150685,27.698630136986303,120.63013698630137,1
360,360,10,10,70,45,725,95,65,155,0,182.0,19.561643835616437,68.6986301369863,55.93150684931507,18.45205479452055,659.2465753424658,69.5068493150685,27.698630136986303,120.63013698630137,1
361,361,10,30,50,45,680,105,25,170,0,182.0,19.561643835616437,68.6986301369863,55.93150684931507,18.45205479452055,659.2465753424658,69.5068493150685,27.698630136986303,120.63013698630137,1
362,362,0,10,40,0,525,40,25,125,0,182.0,19.561643835616437,68.6986301369863,55.93150684931507,18.45205479452055,659.2465753424658,69.5068493150685,27.698630136986303,120.63013698630137,1
363,363,0,5,45,0,1015,20,10,100,0,182.0,19.561643835616437,68.6986301369863,55.93150684931507,18.45205479452055,659.2465753424658,69.5068493150685,27.698630136986303,120.63013698630137,1
364,364,0,0,0,0,1065,0,25,200,0,182.0,19.561643835616437,68.6986301369863,55.93150684931507,18.45205479452055,659.2465753424658,69.5068493150685,27.698630136986303,120.63013698630137,1
